"Abbey Park","Abbey Park",52.645191,-1.132222
"Aberbeeg","Ebbw Valley Cycle Track",51.711165,-3.144286
"Aberdare","Aberdare Park",51.718796,-3.460089
"Aberdeen","Aberdeen Beach Esplanade",57.173898,-2.086256
"Aberfields","Aberfields",51.614631,-3.538198
"Aberystwyth juniors","Plas Crug Park",52.412885,-4.078402
"Aberystwyth","Plascrug Park",52.414546,-4.080401
"Abingdon","Rye Meadow, Abingdon",51.667957,-1.277429
"Acton juniors","Acton Park",51.507905,-0.258062
"Agnew","Agnew Park",54.908188,-5.0349
"Albert Park juniors","Albert Park juniors",54.564844,-1.234852
"Albert","Albert Park, Middlesbrough",54.564972,-1.231788
"Aldenham","Aldenham Country Park",51.647953,-0.316507
"Alderford Lake","Alderford Lake",52.953181,-2.675436
"Alderley Park","Alderley Park",53.2793,-2.231854
"Alderman Kneeshaw juniors","Alderman Kneeshaw Recreation Ground",53.769454,-0.262291
"Alexandra juniors, Moss Side","Alexandra Park",53.450725,-2.248631
"Alexandra juniors, Oldham","Alexandra Park",53.533022,-2.104298
"Alexandra","Alexandra Park",53.450142,-2.248827
"Alice Holt","Alice Holt Forest",51.16858,-0.836903
"Ally Pally","Alexandra Palace, Haringey",51.595936,-0.12233
"Alness","Crawl Park",57.694306,-4.256669
"Alton Water","Alton Water Reservoir",51.974806,1.134021
"Alvaston","Alvaston Park",52.906173,-1.440173
"Alyn Waters juniors","Alyn Waters Country Park",53.083926,-3.018039
"Ancholme Valley Way","Ancholme Valley Way",53.553676,-0.496441
"Anchorsholme juniors","Anchorsholme",53.870192,-3.045723
"Andover juniors","Charlton Sports Fields",51.220901,-1.504812
"Andover","Charlton Lakeside, Andover",51.221092,-1.512766
"Antrim Castle Gardens juniors","Antrim Castle Gardens juniors",54.715944,-6.223074
"Antrim","Loughshore Park",54.717078,-6.238818
"Archerfield Walled Garden juniors","Archerfield Walled Garden",56.045433,-2.802062
"Armagh","Palace Demesne Public Park",54.339812,-6.652951
"Armley","Armley Park",53.800347,-1.590893
"Arrow Valley","Arrow Valley Park",52.305986,-1.913661
"Ashbourne Recreation Ground","Ashbourne Recreation Ground",53.018719,-1.727477
"Ashford juniors","Victoria park",51.144975,0.86233
"Ashford","Victoria Park",51.14347,0.864218
"Ashington Community Woodland","Ashington Community Woodland",55.190433,-1.572397
"Ashlyns juniors","Ashlyns School",51.752028,-0.56325
"Ashton Court","Ashton Court, Bristol",51.443592,-2.639948
"Auldcathie District","Auldcathie District Park",55.963327,-3.477658
"Avenham Park juniors","Avenham and Miller Park",53.753281,-2.699084
"Avery Hill","Avery Hill Park, Greenwich",51.449459,0.075155
"Aviemore","Aviemore",57.205275,-3.818635
"Aylesbury juniors","Meadowcroft Open Space",51.829601,-0.829935
"Aylesbury","Opposite the Quarrendeon & Meadowcroft C",51.83162,-0.838394
"Aylestone juniors","Aylestone Recreation Ground",52.609737,-1.134248
"Ayr","Rozelle Park",55.436189,-4.624316
"Babbs Mill","Babbs Mill Local Nature Reserve",52.489833,-1.746034
"Bailey juniors","Bailey Park",51.826629,-3.016796
"Ballachulish Quarry juniors","Ballachulish Slate Quarry",56.678115,-5.129042
"Banbury","Spiceball park",52.068807,-1.332318
"Bangor juniors","Bangor Sportsplex",54.650612,-5.709153
"Bangor","Ward Park",54.660024,-5.661693
"Bankton Mains Park juniors","Bankton Mains Park",55.87326,-3.511448
"Banstead Woods","Banstead Woods, Coulsdon",51.307648,-0.184225
"Barclay","Barclay Park",51.759056,-0.019442
"Barking juniors","Barking Park",51.546491,0.088821
"Barking","Barking Park",51.545894,0.087312
"Barnsley juniors","Locke Park",53.54438,-1.48617
"Barnsley","Locke Park, Barnsley",53.544369,-1.486115
"Barnstaple juniors","Rock Park",51.071801,-4.053904
"Barnstaple","Rock Park",51.072561,-4.053612
"Barrow juniors","Barrow Park",54.116526,-3.218758
"Barrow","Barrow Park, Barrow-in-Furness",54.117706,-3.218855
"Barry Island","Barry Island Promenade",51.390202,-3.271371
"Barry juniors","Romilly Park",51.393485,-3.291377
"Barshaw juniors","Barshaw Park",55.84851,-4.394725
"Bartley Park","Bartley Park",50.914371,-1.509865
"Basildon","Northlands Park",51.577778,0.499615
"Basingstoke juniors","Stratton Park",51.252197,-1.128675
"Basingstoke","Basingstoke War Memorial Park",51.258831,-1.082035
"Bath Odd Down juniors","Odd Down Sports Ground",51.363164,-2.376181
"Bath Skyline","Bath",51.364717,-2.338425
"Battersea juniors","Battersea juniors",51.477324,-0.158938
"Battersea","Battersea",51.478869,-0.160095
"Battery Park juniors","Battery Park",55.961198,-4.800003
"Battle Recreation Ground juniors","Battle Recreation Ground juniors",50.918824,0.476741
"Battlestead Croft","Battlestead Croft",52.78924,-1.683952
"Baxter Park juniors","Baxter Park",56.471942,-2.951194
"Baysgarth Park","Baysgarth Park",53.679399,-0.43856
"Beacon Hill Country Park","Beacon Hill Country Park",52.730411,-1.233675
"Beacon juniors","Beacon juniors",52.68539,-1.836911
"Beacon","Beacon Park",52.685891,-1.83863
"Beaumont Park juniors","Beaumont Park",53.622934,-1.811237
"Beckenham Place juniors","Beckenham Place Park",51.41912,-0.017074
"Beckenham Place","Beckenham Place Park",51.41853,-0.01959
"Beckton","Beckton District Park South",51.51176,0.046542
"Bedfont Lakes","Bedfont Lakes Country Park",51.440762,-0.451523
"Bedford juniors","Jubilee Park",52.124298,-0.449781
"Bedford","Bedford Park, Bedford",52.148125,-0.459366
"Bedgebury Pinetum","Bedgebury National Pinetum & Forest",51.071871,0.450168
"Bedworth","Miners Welfare Park",52.476054,-1.47027
"Beehive juniors","King George V Playing Fields",51.788927,-0.189677
"Beeston","Weirfields Recreation Ground",52.913592,-1.201737
"Belfast Victoria juniors","Victoria Park, Belfast",54.609998,-5.870456
"Belfast Victoria","Victoria Park, Belfast",54.608785,-5.881573
"Belfast YMCA juniors","Belfast YMCA juniors",54.565868,-5.935997
"Belton House","Belton House",52.942743,-0.620021
"Belvoir Castle","Belvoir Castle",52.894882,-0.786835
"Ben’s Yard, Ely","Ben’s Yard, Ely",52.375707,0.291723
"Berkeley Green","Berkeley Green",51.690962,-2.497513
"Berry Hill juniors","Berry Hill juniors",53.128883,-1.174603
"Bestwood Village","Bestwood Country Park",53.022132,-1.171188
"Bethlem Royal Hospital","Bethlem Royal Hospital",51.385332,-0.029969
"Betteshanger juniors","Betteshanger Country Park",51.236001,1.371111
"Bevendean Down","Bevendean Down",50.844709,-0.107027
"Beverley Westwood","Beverley Westwood",53.840255,-0.440675
"Bexley","Danson Park, Bexley",51.455132,0.113254
"Bicester","Langford Village",51.891101,-1.146866
"Bideford","Victoria Park",51.024075,-4.204316
"Billericay","Lake Meadows Park",51.632966,0.417446
"Billingham juniors","John Whitehead Park",54.610247,-1.289735
"Birchall Playing Fields","Birchall Playing Fields",53.093328,-2.024607
"Birchwood Leisure Centre juniors","Birchwood Leisure Centre juniors",51.774268,-0.220709
"Birkenhead","Birkenhead Park",53.394807,-3.051658
"Black Park","Black Park Country Park, Slough",51.540329,-0.5476
"Black Rocks","Black Rocks",53.098298,-1.56564
"Blackhill","Blackhill and Consett Heritage Park",54.858315,-1.842366
"Blackpool","Stanley Park",53.811727,-3.023114
"Blaise Castle","Blaise Castle Estate",51.505672,-2.632932
"Blandford","Jubilee Way",50.863122,-2.16627
"Blickling juniors","Blickling Estate",52.810825,1.22367
"Blickling","Blickling Park",52.813653,1.221671
"Bloxwich juniors","King George V Memorial Playing Fields",52.625246,-2.006525
"Blyth Links","Blyth Links",55.106922,-1.499456
"Bodington juniors","Bodington Cycle Circuit and Playing Fiel",53.841537,-1.590275
"Bodmin juniors","Hillside Park",50.474313,-4.73101
"Bognor Regis juniors","Arena Sports Centre",50.792765,-0.693819
"Bognor Regis","Hotham Park",50.786913,-0.668305
"Bolberry Down","Bolberry Down",50.23197,-3.842329
"Bolton","Leverhulme Park, Bolton",53.574715,-2.395615
"Boston Road Rec juniors","Boston Road Recreation Ground",52.997065,-0.40055
"Boston","Witham Way Country Park",52.990156,-0.038556
"Boultham Park juniors","Boultham Park juniors",53.208395,-0.559223
"Bournemouth","Kings Park Athletic Stadium",50.73362,-1.832732
"Bower Park","Bower Park",54.761523,-3.331244
"Bowling Park juniors","Bowling Park juniors",53.779024,-1.740528
"Bowling Park","Bowling Park",53.778303,-1.739889
"Bracknell juniors","Great Hollands Recreation Ground",51.389493,-0.778067
"Bracknell","Great Hollands Recreation Ground",51.390248,-0.776844
"Bramhall Park","Bramhall Park, near Stockport",53.374268,-2.160702
"Bramley juniors","Bramley Park",53.81364,-1.634046
"Bramley","Bramley Park",53.813432,-1.633461
"Bramshall Road","Bramshall Road Park",52.895262,-1.871048
"Brandon Country Park","Brandon Country Park",52.436339,0.625877
"Braunstone","Braunstone, Leicester",52.626129,-1.178681
"Brayton Academy juniors","Brayton Academy",53.774828,-1.084158
"Breckland Leisure Centre juniors","Breckland Leisure Centre Leisure",52.421826,0.747829
"Brentwood","Weald Country Park",51.622582,0.266879
"Bressay","Bressay",60.158081,-1.119683
"Bretton Park juniors","Bretton Park",52.594039,-0.281301
"Brickfields Park","Brickfields Park",51.377397,-2.385904
"Bridgend juniors","Newbridge Fields",51.502567,-3.585036
"Brierley Forest","Brierley Forest",53.131155,-1.295214
"Brighton & Hove","Hove Park, Brighton",50.84214,-0.172498
"Brixworth Country","Brixworth Country Park",52.318576,-0.895675
"Broadmeadow juniors","Lakeland Forum",54.344072,-7.643103
"Broadwater","Broadwater Park",51.197911,-0.598312
"Brockenhurst","Brockenhurst College",50.808103,-1.642492
"Brockhole on Windermere juniors","Brockhole on Windermere juniors",54.399595,-2.941735
"Brockwell juniors","Brockwell Park",51.452603,-0.106505
"Brockwell","Brockwell Park, Herne Hill",51.452538,-0.105464
"Bromley juniors","Norman Park",51.389329,0.026049
"Bromley","Norman Park, Bromley",51.386539,0.022874
"Bromsgrove juniors","Sanders Park",52.334159,-2.072308
"Brooklands","Brooklands Community Park",51.346969,-0.471408
"Brueton","Brueton Park, Solihull",52.406754,-1.764593
"Brumby Wood Rec Ground juniors","Brumby Wood Rec Ground",53.581186,-0.664778
"Brundall","Countryside Park",52.624133,1.417369
"Brunswick Park","Brunswick Park",52.556155,-2.009344
"Bryn Bach juniors","Bryn Bach country park",51.783571,-3.267184
"Bryn Bach","Parc Bryn Bach, Tredegar",51.781621,-3.269548
"Brynaman","Brynamman Rugby Club",51.808402,-3.869719
"Buckingham juniors","Bourton Park",51.997232,-0.975386
"Buckingham","Bridge Street Skate Park",51.998987,-0.984462
"Bude Marshes juniors","Bude Marshes",50.826507,-4.546463
"Bug Hunter Waters","Bug Hunter Waters",52.28625,0.065252
"Burgess juniors","Burgess Park",51.483207,-0.082664
"Burgess","Burgess Park",51.484536,-0.081024
"Burnage","Varley Park, Stockport SK4 3EA",53.407152,-2.209185
"Burnham Riverside juniors","Burnham Riverside Park",51.630328,0.804807
"Burnham and Highbridge","Apex Park",51.226679,-2.990243
"Burnham-on-Crouch","Riverside Country Park",51.627409,0.810923
"Burnley juniors","Towneley Park",53.777385,-2.219036
"Burnley","Towneley Park, Burnley",53.77834,-2.221555
"Burrow’s Field juniors","Burrow’s Field juniors",51.879141,-2.083087
"Burslem Park juniors","Burslem Park",53.048527,-2.189272
"Bury Field","Bury Field",52.088015,-0.728725
"Bury St Edmunds juniors","Bury St Edmunds",52.244457,0.734698
"Bury St Edmunds","Nowton Park",52.224887,0.730183
"Bushy Park","Bushy Park, Teddington",51.410992,-0.335791
"Bushy juniors","Bushy Park, Teddington",51.420504,-0.332639
"Caledonian juniors","Caledonian Park",51.545794,-0.124279
"California Country","California Country Park",51.379583,-0.867647
"Calne Recreation Ground juniors","Calne Recreation Ground",51.437358,-1.999249
"Cambourne juniors","Cambourne Fitness and Sports Centre Playing Fields",52.220084,-0.061115
"Cambridge juniors","Milton Country Park",52.236606,0.163389
"Camperdown","Camperdown Country Park",56.483681,-3.030896
"Cannock Chase Forest juniors","Cannock Chase Forest",52.751878,-1.969309
"Cannock Chase","Cannock Chase",52.73744,-1.99542
"Cannon Hill juniors","Cannon Hill Park",52.449976,-1.904225
"Cannon Hill","Cannon Hill, Birmingham",52.452637,-1.89997
"Canons Park","Canons Park",51.612291,-0.296184
"Canterbury","The Pavillion",51.299468,1.057002
"Cape Pembroke Lighthouse","Cape Pembroke Lighthouse",-51.683211,-57.757716
"Cardiff juniors","Llandaff Fields",51.489617,-3.204035
"Cardiff","Cardiff Blackweir",51.49736,-3.207107
"Carlingwark Loch","Carlingwark Loch",54.934903,-3.927163
"Carlisle Park","Carlisle Park",55.165172,-1.691159
"Carlisle juniors","Bitts Park",54.899555,-2.936575
"Carlisle","Chances Park",54.886025,-2.963455
"Carmarthen juniors","Carmarthen Park",51.854169,-4.315982
"Carrickfergus","Amphitheatre Wellness Centre",54.719992,-5.805285
"Cassiobury juniors","Cassiobury Park",51.658524,-0.413769
"Cassiobury","Cassiobury Park",51.657677,-0.406335
"Castle Park","Castle Park",51.87167,0.164165
"Castle Playing Fields juniors","Castle Playing Fields",52.085098,0.416726
"Castle Woods","Castle Woods",57.076082,-2.784634
"Castlewellan","Castlewellan Forest Park",54.262147,-5.95386
"Catford","Mountsfield Park",51.44824,-0.00863
"Catton","Catton Park",52.656696,1.295507
"Central Park juniors","Central Park",52.584576,-0.235072
"Central Park juniors, Boston","Central Park",52.981397,-0.022603
"Central, Plymouth","Central Park",50.385099,-4.151031
"Centre Vale","Centre Vale Park",53.718272,-2.102438
"Chadderton Hall","Chadderton Hall Park",53.554066,-2.158552
"Chalkwell Beach","Chalkwell Beach",51.536925,0.676231
"Charlton","Charlton Park",51.480751,0.041628
"Chasewater","Chasewater Country Park",52.661987,-1.944407
"Cheadle Hulme","Bruntwood Park, Cheadle",53.379026,-2.210652
"Cheddar juniors","Kings Fitness and Leisure",51.273808,-2.77921
"Chelmsford Central","Central Park",51.732577,0.464945
"Chelmsford juniors","Central Park",51.733083,0.466286
"Cheltenham juniors","The Park",51.886492,-2.088862
"Cheltenham","Pittville Park",51.911754,-2.07824
"Cheshunt juniors","Cheshunt Park",51.715497,-0.04912
"Chester","Countess of Chester Country Park",53.207796,-2.902368
"Chevin Forest","Chevin Forest Park",53.894133,-1.665858
"Chichester juniors","Priory Park",50.839693,-0.776619
"Chichester","Oaklands Park",50.846182,-0.777535
"Chilton Fields","Chilton Fields",52.197076,0.975934
"Chippenham Playing Fields, Monmouth","Chippenham Playing Fields",51.80783,-2.718161
"Chippenham juniors","Monkton Park",51.460235,-2.111954
"Chippenham","Monkton Park",51.460469,-2.113119
"Chipping Norton School","Chipping Norton School",51.93812,-1.54029
"Chipping Sodbury","The Ridings",51.544366,-2.397165
"Chopwell Wood","Chopwell Wood",54.922026,-1.790884
"Christie","Christie",55.123837,-6.671908
"Church Mead","Church Mead",51.667191,-0.614472
"Churchill Gardens juniors","Churchill Gardens Leisure Centre",51.062559,-1.790559
"Cirencester","Royal Agricultural University",51.711207,-1.99109
"Citypark","Citypark Park, Craigavon",54.451093,-6.386002
"Clacton Seafront","Clacton Seafront",51.781574,1.142974
"Clacton juniors","Clacton Seafront",51.781588,1.142953
"Clair","Clair Park",51.004322,-0.100143
"Clapham Common","Clapham Common",51.455873,-0.151331
"Clare Castle","Clare Castle Country Park",52.076428,0.581882
"Clarence","Clarence Park",53.604665,-2.289921
"Cleethorpes","Cleethorpes Country Park",53.541552,-0.025384
"Clevedon Salthouse Fields","Clevedon Salthouse Park",51.434573,-2.866505
"Clevedon Seafront juniors","Clevedon Seafront",51.439169,-2.864385
"Cliff Park juniors","Cliff Park,",51.937792,1.28484
"Cliffe Castle","Cliffe Castle Park",53.874658,-1.913364
"Clifton","Clifton Playing Fields",52.907144,-1.163033
"Clitheroe Castle juniors","Clitheroe Castle Gardens",53.870606,-2.394122
"Clitheroe Castle","Clitheroe Castle Gardens",53.870346,-2.39478
"Clough Hall juniors","Clough Hall Park",53.083194,-2.249699
"Clumber Park","Clumber Park",53.268022,-1.065717
"Cobb Gate juniors","Cobb Gate",50.724478,-2.932919
"Cockermouth Greenway juniors","Cockermouth Greenway juniors",54.659599,-3.353097
"Cockermouth Greenway","Cockermouth Greenway",54.659659,-3.356998
"Coed Cefn-pwll-du","Coed Cefn-pwll-du",51.591855,-3.140954
"Colby","Colby Woodland Garden",51.74064,-4.669924
"Colchester Castle","Castle Park",51.89167,0.902724
"Colchester juniors","Old Heath Recreation Ground",51.87996,0.919969
"Coldham’s Common juniors","Coldham’s Common",52.208437,0.15458
"Coldham’s Common","Coldham’s Common",52.206705,0.158881
"Colin Glen","Colin Glen Forest Park",54.570723,-6.020504
"Collett Park juniors","Collett Park",51.187461,-2.542572
"Colney Lane","UEA Colney Lane Playing Fields",52.621317,1.22519
"Colwick","Colwick Country Park, Nottingham",52.945171,-1.09786
"Comber juniors","Parkway",54.549098,-5.739909
"Comber","Parkway",54.549593,-5.740415
"Community Park juniors","Community Park",54.252207,-0.772206
"Concord","Concord Park, Sheffield",53.424007,-1.441612
"Congleton","Astbury Mere",53.160781,-2.229795
"Conkers","Conkers Park",52.739475,-1.543021
"Conwy Nature Reserve juniors","Conwy Nature Reserve",53.279512,-3.809626
"Conwy","RSPB Nature Reserve, Conwy",53.279388,-3.808966
"Conyngham Hall","Conyngham Hall",54.011758,-1.479507
"Cooper Park juniors","Cooper Park",57.653727,-3.31303
"Corby","West Glebe Recreation Ground",52.493879,-0.691774
"Coronation Park juniors","Coronation Park",53.567433,-2.889525
"Coronation Park","Coronation Park",52.773488,-1.586547
"Cosmeston Lakes","Cosmeston Lakes Country Park",51.418047,-3.185615
"Cotlands Park juniors","Cotlands Park",56.211928,-3.046588
"Cotsford Fields","Cotsford Fields",54.759499,-1.30077
"Cottenham Recreation Ground juniors","Cottenham Recreation Ground",52.289032,0.115253
"Coventry","War Memorial Park, Coventry",52.39172,-1.524026
"Cowick Barton Playing Fields juniors","Cowick Barton Playing Fields juniors",50.711668,-3.545242
"Cranbrook Country Park juniors","Cranbrook Country Park",50.751359,-3.408137
"Cranbrook Country Park","Cranbrook Country Park",50.750746,-3.417858
"Crane Park","Crane Park, Twickenham",51.441168,-0.372075
"Cranleigh juniors","Bruce Mckenzie Memorial Field",51.138393,-0.492747
"Cranleigh","Knowle Park",51.13819,-0.49151
"Crathes Castle","Crathes Castle",57.061178,-2.440954
"Crawfordsburn Country","Crawfordsburn Country Park",54.666682,-5.729434
"Crewe","Queens Park",53.097388,-2.470556
"Crichton","The Crichton",55.050773,-3.594589
"Crinan Canal","Crinan Canal",56.090978,-5.554954
"Crosby","Crosby Leisure Centre",53.48269,-3.046711
"Cross Flatts juniors","Cross Flatts Park",53.776611,-1.558242
"Cross Flatts","Cross Flatts Park",53.775754,-1.55757
"Croxteth Hall","Croxteth Hall Country Park",53.44217,-2.891774
"Croyland Park juniors","Croyland Park juniors",52.294379,-0.705317
"Crystal Palace juniors","Crystal Palace Park",51.419792,-0.06577
"Crystal Palace","Crystal Palace Park",51.419846,-0.065703
"Cuningar Loop","Cuningar Loop",55.84069,-4.201428
"Cusworth Hall","Cusworth Hall Museum & Park",53.529479,-1.177617
"Cwmbran","Northfields Recreation Ground",51.656234,-3.013498
"Cycle Route 43, Ystalyfera","Cycle Route 43, Ystalyfera",51.755941,-3.789728
"Cyclopark","Cyclopark",51.419922,0.352561
"Dalby Forest","Dalby Forest Courtyard",54.273821,-0.686599
"Darlington South Park","South Park",54.51484,-1.560531
"Dartford Heath","Heath Lane",51.435932,0.189929
"Dartford juniors","Central Park",51.44107,0.219065
"Dartford","Central Park",51.439141,0.220166
"Daventry Country Park juniors","Daventry Country Park",52.272681,-1.156307
"Daventry","Daventry Country Park",52.262374,-1.15732
"Dean Castle Country Park","Dean Castle Country Park",55.622901,-4.482932
"Delamere","Delamere Forest",53.239537,-2.68796
"Denton Dene","Denton Dene",54.977492,-1.694872
"Derby Park juniors","Derby Park",53.45145,-2.979622
"Dereham","Dereham",52.684276,0.96988
"Derry City juniors","Foyle Arena",55.000642,-7.304701
"Derry City","Derry City Centre",55.006966,-7.318933
"Derrynoid Forest","Derrynoid Forest",54.802964,-6.810505
"Desborough Green Space juniors","Desborough Leisure Centre",52.446059,-0.819338
"Devonport juniors","Devonport Park,",50.376471,-4.172108
"Dewsbury juniors","Crow Nest Park",53.688984,-1.646944
"Dewsbury","Crow Nest Park, Dewsbury",53.688239,-1.646237
"Didcot","Ladygrove Park",51.612792,-1.239
"Diglis Fields juniors","Diglis Fields juniors",52.180949,-2.219602
"Dinton Pastures juniors","Dinton Pastures Country Park",51.445499,-0.871282
"Dinton Pastures","Dinton Pastures Country Park",51.440292,-0.880056
"Dishley, Loughborough","Loughborough Rugby Club",52.787485,-1.234785
"Dixton juniors","Monmouth Leisure Centre",51.815864,-2.707755
"Doddington Hall","Doddington Hall",53.222149,-0.650558
"Dolgellau","The Marian",52.744574,-3.886527
"Dover Waterfront","Dover Waterfront",51.119994,1.313027
"Dowds Farm juniors","Dowds Farm",50.931244,-1.304687
"Downham Market Academy","Downham Market Academy",52.6034,0.389471
"Drumchapel","Garscadden Woods East",55.91688,-4.350674
"Drumpellier Country","Drumpellier Country Park",55.871588,-4.065615
"Drumpellier juniors","Drumpellier Park",55.872855,-4.068698
"Druridge Bay","Druridge Bay Country Park",55.292765,-1.572348
"Dudley","The Dell Stadium",52.490027,-2.134568
"Dukeries juniors","Dukeries Leisure Centre",53.207905,-0.997203
"Duloch juniors","Duloch Country Park",56.062493,-3.401857
"Dulwich","Dulwich Park, Dulwich",51.443869,-0.079206
"Dumfries juniors","Dock Park",55.062707,-3.606924
"Dunfermline","Pittencrieff Park",56.070684,-3.470694
"Dungannon Park","Dungannon Park",54.489432,-6.755359
"Dunleath Playing Fields","Dunleath Playing Fields",54.323473,-5.718077
"Dunstable Downs","Dunstable Downs",51.865432,-0.537791
"Durham City juniors","Durham Racecourse",54.775551,-1.564287
"Durham","Graham Sports Centre, Durham",54.767605,-1.558852
"Durlston Country Park","Durlston Country Park",50.595211,-1.954023
"Duthie juniors","Duthie Park",57.131553,-2.105342
"East Brighton","East Brighton Park",50.818691,-0.099373
"East Grinstead","East Court",51.129008,0.001373
"East Park","East Park",52.579042,-2.101975
"Eastbourne juniors","King Edwards Parade",50.76191,0.286914
"Eastbourne","Shinewater Park, Eastbourne",50.806248,0.290451
"Eastleigh","Fleming Park Old Golf Course, Eastleigh",50.971433,-1.374032
"Eastney juniors","Bransbury Park",50.789698,-1.054334
"Eastville juniors","Eastville Park",51.476132,-2.554961
"Eastville","Eastville Park",51.475453,-2.554304
"Eaton juniors","Eaton Park",52.619606,1.25856
"Ecos","Ecos Park, Ballymena",54.867371,-6.259117
"Eden Project","Eden Project",50.358315,-4.74285
"Edenbrook Country","Edenbrook Country Park",51.280199,-0.867088
"Edgbaston Reservoir juniors","Edgbaston Reservoir",52.477393,-1.942842
"Edgbaston Reservoir","Edgbaston Reservoir",52.476722,-1.936437
"Edinburgh","Edinburgh Promenade",55.978806,-3.291585
"Egham Orbit","Egham Orbit",51.428178,-0.540107
"Eglinton","Eglinton Country Park",55.643935,-4.669662
"Elder Park juniors","Elder Park",55.863242,-4.325388
"Elder Park","Elder Park",55.863235,-4.32197
"Elgin","Cooper Park",57.653393,-3.313072
"Ellesmere Port","Whitby Park",53.272524,-2.902542
"Ellon","Ellon Academy Community Campus",57.359262,-2.056968
"Eltham juniors","Eltham Park South",51.455664,0.068186
"Ely Country juniors","Ely Country Park",52.399139,0.275369
"Endcliffe","Endcliffe Park, Sheffield",53.368631,-1.507364
"Enfield Town juniors","Enfield Town Park",51.648422,-0.084363
"Enniskillen","Enniskillen",54.343834,-7.642293
"Erddig","Erddig Hall",53.027137,-3.006833
"Erskine Waterfront","Erskine Waterfront",55.907749,-4.447774
"Evesham juniors","Evesham",52.09023,-1.958169
"Evesham","Evesham",52.090191,-1.958122
"Exeter Riverside","Exeter Quay & River Valley Park",50.713762,-3.525833
"Exmouth","Exmouth",50.614697,-3.412392
"Eyemouth Primary Playing Fields juniors","Eyemouth Primary Playing Fields",55.868943,-2.093581
"Falinge Park juniors","Falinge Park juniors",53.623457,-2.164
"Falkirk","Callendar Park, Falkirk",55.99543,-3.766712
"Falls","Falls Park, Belfast",54.586363,-5.978879
"Fareham","Cams Hall Estate",50.848448,-1.167385
"Faskally Forest","Faskally Forest",56.7118,-3.767296
"Faversham Recreation Ground juniors","The Recreation Ground",51.312083,0.897824
"FeldyRoo Fitness Trail","FeldyRoo Fitness Trail",56.622075,-3.875777
"Felixstowe Prom juniors","Felixstowe Prom",51.957785,1.345726
"Felixstowe","Undercliff Road West",51.957778,1.345741
"Fell Foot","Fell Foot Park",54.274736,-2.952259
"Ferry Meadows","Ferry Meadows Country Park",52.565563,-0.308132
"Fife Cycle Park juniors","Fife Cycle Park",56.140406,-3.320574
"Figges Marsh juniors","Figges Marsh",51.414902,-0.16132
"Finsbury Park","Finsbury Park",51.569595,-0.104145
"Fire Service College","Fire Service College",51.990688,-1.675487
"Fitzmaurice Park","Fitzmaurice Park",52.638196,1.36115
"Five Arches","Norton-Radstock Greenway",51.292354,-2.452787
"Flatts Lane","Flatts Lane Woodland Country Park",54.543872,-1.151741
"Fleetwood Promenade","Outer Promenade",53.927366,-3.016919
"Flegg High","Flegg High Ormiston Academy",52.713022,1.640492
"Fletcher Moss","Fletcher Moss Park",53.40999,-2.23551
"Florence Park juniors","Florence Park",51.737483,-1.223801
"Folkestone","The Leas",51.075729,1.172753
"Foots Cray Meadows","Foots Cray Meadows",51.432103,0.133269
"Ford","Ford Park",54.198427,-3.088135
"Forest Rec juniors","Forest Recreation Ground",52.965238,-1.160495
"Forest Rec","Forest Recreation Gound, Nottingham",52.965352,-1.159766
"Forest of Dean juniors","Coverham Enclosure, Forest of Dean",51.808701,-2.605219
"Forest of Dean","Coverham Enclosure, Forest of Dean",51.808701,-2.605219
"Forfar Loch","Forfar Loch",56.642663,-2.908213
"Forster Memorial Park juniors","Forster Memorial Park",51.432132,-0.007122
"Fort William","Nevis Range",56.851484,-4.999161
"Fountains Abbey","Fountains Abbey",54.110196,-1.581983
"Friary Park juniors","Friary Park",51.619706,-0.162187
"Frickley Country","Frickley Country Park",53.588573,-1.290457
"Frimley Lodge","Frimley Lodge Park",51.298622,-0.724851
"Frogmary Green Farm","Frogmary Green Farm",50.941688,-2.824426
"Fulbourn Hospital","Fulbourn Hospital",52.184131,0.186094
"Fulham Palace","Bishops Park",51.472465,-0.218493
"Fulwell Quarry","Fulwell Quarry",54.9329,-1.396723
"Furzefield Leisure Centre juniors","Furzefield Leisure Centre",51.702931,-0.208328
"GEC Rec juniors","GEC Recreational Ground",52.365561,-1.239956
"Gadebridge Park juniors","Gadebridge Park",51.760476,-0.473894
"Gadebridge","Gadebridge Park",51.758909,-0.473542
"Ganavan Sands","Ganavan",56.437766,-5.469021
"Gang Warily juniors","Gang Warily juniors",50.824705,-1.371549
"Ganger Farm","Ganger Farm Sports Park",51.009374,-1.464821
"Gardenhurst Estate juniors","Gardenhurst Estate Park",53.13934,-2.668462
"Garvagh Forest","Garvagh Forest",54.977416,-6.695537
"Gateshead"," Saltwell Park, Gateshead",54.944733,-1.602094
"Gedling juniors","Gedling Country Park",52.99389,-1.087241
"Gedling","Gedling Country Park",52.993919,-1.087124
"Girvan Prom","Knockcushan Street",55.243994,-4.862538
"Gladstone","Gladstone Park, London",51.556982,-0.228223
"Glossop","Manor Park",53.447019,-1.939503
"Gloucester City","Gloucester Park",51.858707,-2.243129
"Gloucester North","Plock Court Playing Fields",51.878304,-2.231707
"Gnoll juniors","Gnoll Estate Country Park",51.662428,-3.787224
"Gnoll","Gnoll Estate Country Park",51.661114,-3.788616
"Golden Valley Playing Field juniors","Golden Valley Playing Field",51.430594,-2.751774
"Goole","West Park",53.710492,-0.891098
"Gordon Park juniors","Gordon Park",57.364138,-2.080593
"Gorleston Cliffs","Gorleston Cliffs Promenade",52.567806,1.73069
"Gorleston juniors","Gorleston-on-sea",52.567979,1.731107
"Goudhurst juniors","The Village Green",51.113694,0.463445
"Grange Paddocks juniors","Grange Paddocks Leisure Centre",51.877648,0.162395
"Grangemoor","Cardiff",51.454464,-3.192412
"Graves juniors","Graves Park",53.338892,-1.465051
"Graves","Graves Park, Sheffield",53.338906,-1.464657
"Gravesend juniors","Riverside Leisure Area",51.443724,0.379039
"Great Cornard juniors","Great Cornard Sports Centre",52.023598,0.749416
"Great Cornard","Great Cornard Sports Centre",52.02463,0.751362
"Great Denham juniors","Great Denham juniors",52.121891,-0.508851
"Great Denham","Great Denham",52.121602,-0.509062
"Great Dunmow","The Recreation Ground",51.878681,0.3627
"Great Lines","Great Lines Heritage ParkPark",51.388527,0.541334
"Great Notley juniors","Great Notley Country Park",51.863774,0.51556
"Great Notley","Great Notley Country Park",51.864147,0.51584
"Great Salterns","Great Salterns Recreation Ground",50.809385,-1.046606
"Great Wakering Rec juniors","Great Wakering Rec juniors",51.554492,0.794846
"Great Yarmouth North Beach","Great Yarmouth North Beach",52.613141,1.73892
"Greendale Farm Shop","Greendale Farm Shop",50.703157,-3.398836
"Greenfield Valley","Greenfield Valley",53.275044,-3.220992
"Greenock","The Esplanade",55.956525,-4.767348
"Greville Smyth Park juniors","Greville Smyth Park juniors",51.442898,-2.620993
"Groe","Groe Park",52.150418,-3.403113
"Grove Fields","Grove Fields",51.600059,-1.425256
"Grovelands","Grovelands Park, Enfield",51.633076,-0.113769
"Guernsey","Pembroke Bay",49.502341,-2.530312
"Guildford juniors","Stoke Park",51.244977,-0.567461
"Guildford","Stoke Park, Guildford",51.247383,-0.562062
"Gunnersbury","Gunnersbury Park, South Acton",51.499405,-0.292253
"Gunpowder","Gunpowder Park, Waltham Abbey",51.676037,-0.000831
"Hackney Marshes","Hackney Marshes",51.553686,-0.025368
"Hackworth","Hackworth Park",54.628071,-1.644945
"Hadleigh","Hadleigh Country Park",51.549769,0.59606
"Hafan Pwllheli","Plas Heli Cyf",52.888538,-4.402811
"Hafan Yr Afon juniors","Hafan Yr Afon juniors",52.514615,-3.319064
"Haigh Woodland","Haigh Country Park",53.572714,-2.609519
"Haldon Forest","Haldon Forest Park",50.653392,-3.579359
"Halewood juniors","Halewood juniors",53.36741,-2.840853
"Halifax","Shroggs Park",53.731746,-1.873871
"Hampstead Heath","Hampstead Heath",51.558598,-0.168185
"Hamsterley Forest","Hamsterley Forest Outdoor Centre",54.675593,-1.858786
"Hanley","Hanley Park, Hanley",53.012501,-2.175164
"Hanworth juniors","Hanworth Air Park Leisure Centre & Libra",51.439389,-0.391593
"Hanworth","Hanworth Park",51.43874,-0.398287
"Harcourt Hill juniors","Harcourt Hill Campus",51.739341,-1.295183
"Harcourt Hill","Harcourt Hill Campus",51.739369,-1.295191
"Harleston Magpies","Harleston Magpies Hockey Club",52.384367,1.295457
"Harlow juniors","Harlow Town Park",51.77798,0.098433
"Harlow","Harlow Town Park",51.77766,0.103624
"Harold Park juniors","Harold Park juniors",53.757146,-1.773264
"Harrogate juniors","The Valley Gardens",53.991699,-1.550192
"Harrogate","The Stray, Harrogate",53.992428,-1.521435
"Harrow Lodge juniors","Harrow Lodge Park",51.555718,0.202013
"Harrow Lodge","Harrow Lodge Park",51.555606,0.200715
"Harrow","Harrow Recreation Ground",51.581781,-0.342734
"Hartlepool","Hartlepool",54.686937,-1.195128
"Harwich","Cliff Park",51.938035,1.284809
"Hastings High School","Hastings High School",52.53526,-1.356127
"Hastings","Hastings",50.850291,0.539739
"Havant","Staunton Country Park",50.875771,-0.975565
"Haverfordwest","Haverfordwest Crickert Club",51.797163,-4.992836
"Haverhill","Puddlebrook Playing Fields",52.076737,0.422212
"Hawkwell juniors","Clements Hall Recreation Ground",51.595524,0.673991
"Hay Lodge","Hay Lodge Park",55.651659,-3.199586
"Haywards Heath juniors","Victoria Park",50.998429,-0.106104
"Hazelwood","Hazelwood Centre",51.405783,-0.421045
"Hazlehead","Hazlehead Park",57.141371,-2.175647
"Heartlands","Heartlands,",50.224177,-5.2715
"Heaton Park","Heaton Park, Manchester",53.531975,-2.256263
"Heavitree juniors","Heavitree Pleasure Ground",50.723092,-3.501308
"Helix juniors","Helix Park",56.008708,-3.757796
"Hemlington Lake juniors","Hemlington Lake",54.526005,-1.244316
"Henley Wood, Oswestry","Henley Wood",52.862542,-3.030368
"Henley-on-Thames","Henley-on-Thames",51.531978,-0.919288
"Henlow Bridge Lakes","Henlow Bridge Lakes",52.030537,-0.268787
"Hereford Leisure Centre juniors","Hereford Leisure Centre",52.070452,-2.7242
"Hereford","Hereford",52.068892,-2.724152
"Herne Bay Memorial Park juniors","Herne Bay Memorial Park",51.369128,1.124931
"Herrington Country","Herrington Country Park",54.876573,-1.476809
"Hertford juniors","Hartham Common",51.801059,-0.077451
"Hesketh Park juniors","Hesketh Park juniors",53.656229,-2.986136
"Heslington","York Sport Village",53.949319,-1.01799
"Hetton Lyons Country Park juniors","Hetton Lyons Country Park juniors",54.82399,-1.440605
"Higginson, Marlow","Higginson Park,",51.566268,-0.779573
"Highbury Fields juniors","Highbury Fields",51.547113,-0.103038
"Highbury Fields","Highbury Fields, Highbury",51.546959,-0.102884
"Highwoods","Highwoods Country Park",51.904682,0.917561
"Hillsborough Forest","Hillsborough Forest",54.461336,-6.076662
"Hillsborough juniors","Hillsborough Park",53.408463,-1.498726
"Hillsborough","Hillsborough Park",53.408457,-1.501973
"Hilly Fields juniors","Hilly Fields park",51.459916,-0.023945
"Hilly Fields","Hilly Fields",51.460143,-0.025019
"Hinksley Park Recreation Ground juniors","Hinksley Park Recreation Ground",52.007399,-0.486713
"Hoblingwell juniors","Hoblingwell Wood Recreation Ground",51.401701,0.099478
"Hoblingwell","Hoblingwell Wood Recreation Ground",51.400981,0.098847
"Hockley Woods","Hockley Woods",51.596133,0.64912
"Hogmoor Inclosure juniors","Hogmoor Inclosure",51.111093,-0.876815
"Hogmoor Inclosure","Hogmoor Inclosure",51.111681,-0.875934
"Holbrooks","Holbrooks Park",52.439154,-1.509052
"Holkham","Holkham Hall",52.950159,0.801022
"Holmebrook Valley juniors","Holmebrook Valley juniors",53.253722,-1.46929
"Holy Cross College","Holy Cross College",54.815718,-7.477408
"Holyrood","Holyrood Park",55.952167,-3.162844
"Homewood","Ottershaw Memorial Fields",51.366808,-0.539078
"Horfield Common juniors","Horfield Common juniors",51.486172,-2.59309
"Hornfair Park juniors","Hornfair Park juniors",51.476699,0.044621
"Horsforth Hall juniors","Horsforth Hall Park",53.838245,-1.646854
"Horsham juniors","Horsham Park",51.066568,-0.32753
"Horsham","Horsham",51.066497,-0.327823
"Horspath","Horspath Sports Ground & Athletic Track",51.737281,-1.188165
"Horton Park","Horton Park",53.782455,-1.77538
"Houghton Hall juniors","Houghton Hall Park",51.901555,-0.509799
"Houghton Hall","Houghton Hall Park",51.90155,-0.510046
"Hove Park juniors","Hove Park",50.841288,-0.172638
"Hove Promenade","Hove Lawns",50.823391,-0.166594
"Hucknall juniors","Titchfield Park",53.029124,-1.203623
"Huddersfield juniors","Greenhead Park",53.648309,-1.799336
"Huddersfield","Greenhead Park, Huddersfield",53.650608,-1.800685
"Hull","East Park, Hull",53.764645,-0.300708
"Humber Bridge","Humber Bridge Country Park",53.71723,-0.453352
"Hunstanton Promenade","Hunstanton North Promenade",52.941684,0.486526
"Huntingdon","Huntingdon",52.330591,-0.213662
"Hutton Recreation Ground juniors","Hutton Recreation Ground",51.634782,0.353999
"Hyde juniors","Hyde Park",53.458379,-2.07756
"Hyde","Hyde Park",53.45713,-2.076554
"Hyndburn","Wilson Playing Fields",53.781711,-2.376734
"Ifield Mill Pond","Ifield Mill Pond",51.107508,-0.218863
"Ingrebourne Hill","Ingrebourne Hill",51.527042,0.194266
"Inverleith juniors","Inverleith park",55.964343,-3.213143
"Ipswich juniors","Christchurch Park",52.065233,1.159304
"Ipswich","Chantry Park",52.050923,1.116032
"Irchester Country","Irchester Country Park",52.285076,-0.673649
"Isabel Trail","Isabel Trail",52.808242,-2.125953
"Itchen Valley Country","Itchen Valley Country Park",50.944849,-1.341722
"Jacks Road juniors","NAAC Athletics Arena",55.642811,-4.794416
"Jersey Farm","Jersey Farm Woodland Park",51.773718,-0.307978
"Jersey","Les Quennevais sports centre",49.195026,-2.204124
"Jesmond Dene","Jesmond Dene",54.99188,-1.592839
"Jordanstown juniors","Ulster University, Jordanstown Campus",54.68829,-5.88614
"Jubilee juniors","Jubilee Park",52.359161,-0.165825
"Jubilee","Jubilee Park",54.701073,-1.604602
"Katherine Warington School juniors","Katherine Warington School juniors",51.82316,-0.331033
"Kellands Park juniors","Kellands Park juniors",57.279397,-2.378495
"Kennington Park juniors","Kennington Park",51.483136,-0.108661
"Kenton Rec juniors","Kenton Recreation Ground",51.586093,-0.320608
"Kesgrave juniors","Kesgrave",52.058171,1.256579
"Kesgrave","Kesgrave",52.058138,1.257741
"Keswick juniors","Upper Fitz Park",54.602628,-3.135084
"Keswick","Keswick Railway Path",54.603863,-3.129497
"Kettering","Wicksteed Park",52.384226,-0.710653
"Kew Woods","Kew Woods",53.629073,-2.995064
"Killerton","Killerton, Broadclyst",50.792835,-3.455007
"King George Playing Fields juniors","King George Playing Fields",53.771471,-0.376956
"King George V Playing Field juniors","King George V Playing Field",51.63791,-0.500452
"King George V Playing Field","King George V Playing Field",51.901883,-2.110018
"King George V juniors","King George V Park",51.37731,-2.136166
"King George juniors","King George Recreation Ground",51.642943,-0.352275
"Kingdom","Kingdom",51.162408,0.162768
"Kings Weston juniors","Kings Weston Estate",51.493696,-2.660036
"Kingsbury Water","Kingsbury Water Park",52.561983,-1.698718
"Kingsgrove Woodland juniors","Kingsgrove Woodland",51.599166,-1.405631
"Kingston","Kingston Riverside",51.426567,-0.309516
"Kingsway","Kingsway Sports Pavillion",51.821487,-2.272804
"King’s Lynn juniors","The Walks",52.752894,0.405875
"King’s Lynn","The Walks, King’s Lynn",52.752762,0.407446
"King’s Park juniors","King’s Park juniors",55.814092,-4.244033
"Kirkcaldy","Beveridge Park",56.104087,-3.169549
"Kirkwall","The Peedie Sea",58.982282,-2.948069
"Knavesmire juniors","The Knavesmire",53.941473,-1.095572
"Knockbracken Reservoir","Knockbracken Reservoir",54.524392,-5.892928
"Knowsley","Stadt Moers Park",53.411116,-2.811654
"Lake Meadows juniors","Lake Meadows",51.633139,0.417884
"Laleham juniors","Thames Side",51.399461,-0.488839
"Lanark Moor","Lanark Racecourse",55.666318,-3.750284
"Lancaster","Williamson Park",54.04568,-2.781183
"Lancing Beach Green","28 Brighton Road",50.820591,-0.323792
"Land’s End","Land’s End",50.066127,-5.714096
"Lanhydrock","Lanhydrock House",50.441131,-4.69614
"Largs Prom","Largs Prom",55.802062,-4.873064
"Larne juniors","Town Park",54.857605,-5.807147
"Larne","Carnfunnock Country Park",54.88843,-5.843595
"Latchmere Rec juniors","Latchmere Recreation Ground",51.423598,-0.294215
"Lea Bridges juniors","Lea Bridges Park",52.604975,1.291251
"Leamington","Newbold Comyn, Leamington",52.28714,-1.504655
"Leatherhead juniors","Leatherhead Leisure Centre",51.291056,-0.332135
"Leavesden Country","Leavesden Country Park",51.704924,-0.403599
"Leavesden juniors","Leavesden Country Park",51.705262,-0.403035
"Leazes","Leazes Park",54.977078,-1.625633
"Lee-on-the-Solent","Lee-on-the-Solent",50.801087,-1.20383
"Leicester Victoria","Victoria Park",52.620954,-1.121659
"Leigh juniors","Leigh Sports Village",53.490116,-2.526349
"Leighton Buzzard juniors","Parson’s Close Recreation Ground",51.914155,-0.662005
"Lesnes Abbey Woods juniors","Lesnes Abbey Woods Park",51.488936,0.12764
"Letchworth","Grange Recreation Ground",51.999895,-0.22279
"Levengrove juniors","Levengrove Park",55.939855,-4.575965
"Levengrove","Levengrove Park,",55.940721,-4.57567
"Lews Castle","Lews Castle Grounds",58.207899,-6.396894
"Leybourne Lakes","Leybourne Lakes Country Park",51.31537,0.437343
"Leyton Jubilee juniors","Leyton Jubilee Park",51.56385,-0.028188
"Limavady","Blackburn Park",55.047128,-6.944777
"Limepark Playing Fields","Limepark Playing Fields",55.123827,-6.32179
"Lincoln","Boultham Park",53.208848,-0.560904
"Linford Wood","Linford Wood",52.05864,-0.760168
"Lingwood Village Hall juniors","Lingwood Village Hall juniors",52.618807,1.493585
"Lingwood","Lingwood Village Hall",52.618901,1.493528
"Linwood","ON-X Linwood",55.854033,-4.505078
"Lister Park, Bradford","Lister Park, Bradford",53.814575,-1.775102
"Little Stoke juniors","Little Stoke Park",51.529479,-2.55975
"Littlehampton Prom","Promenade",50.802284,-0.541939
"Littleport","Littleport Recreation Ground,",52.463048,0.299342
"Livingston","Almondvale Park",55.886797,-3.518828
"Llanerchaeron","Llanerchaeron",52.220443,-4.235798
"Llanishen Park","Llanishen Park",51.529533,-3.196302
"Lloyd juniors","Lloyd Park",51.36575,-0.080886
"Lloyd","Lloyd Park, Croydon",51.364807,-0.079973
"Llyn Llech Owain","Llyn Llech Owain",51.812913,-4.080563
"Loch Leven juniors","Kirkgate Park",56.201892,-3.412742
"Loch Leven","Loch Leven’s Larder",56.219434,-3.358085
"Loch Neaton","Loch Neaton",52.577558,0.8274
"Lochend Woods","Hallhill Sports Centre",55.997214,-2.521501
"Lochore Meadows","Lochore Meadows Country Park",56.150699,-3.33708
"London Fields juniors","London Fields West Side",51.542178,-0.060373
"Long Eaton juniors","West Park Leisure Centre",52.895161,-1.288336
"Long Eaton","West Park Leisure Centre",52.895155,-1.285853
"Longrun Meadow juniors","Longrun Meadow",51.017199,-3.115089
"Longrun Meadow","Longrun Meadow Park",51.018755,-3.114989
"Longton juniors","Longton Park",52.976222,-2.138212
"Lordship Rec Ground juniors","Lordship Recreation Ground",51.594357,-0.086875
"Lordship Recreation Ground","Lordship Recreation Ground",51.594341,-0.086951
"Lough Moss juniors","Lough Moss Leisure Centre",54.514716,-5.900203
"Loughmacrory","Loughmacrory",54.627906,-7.106576
"Lovelace Primary School juniors","Lovelace Primary School juniors",51.364375,-0.317858
"Lowestoft","Lowestoft Promenade",52.468286,1.747338
"Ludlow","Mortimer Forest",52.353284,-2.773078
"Lullingstone","Lullingstone Country Park",51.353118,0.187147
"Lurgan Park","Lurgan Park",54.46303,-6.322774
"Lurgan juniors","Lurgan Park",54.462455,-6.321318
"Luton Wardown","Wardown Park",51.889853,-0.420917
"Lutterworth Country Park juniors","Lutterworth Country Park",52.458921,-1.220674
"Lydiard juniors","Lydiard Park, Swindon",51.563048,-1.857423
"Lydiard","Lydiard Park, Swindon",51.561489,-1.853621
"Lydney","Lydney Boating Lake",51.721613,-2.52648
"Lyme Park","Lyme Park",53.337193,-2.058402
"Lyme Valley Parkway juniors","Lyme Valley Parkway juniors",53.003581,-2.220016
"Lymington Woodside","Woodside Gardens",50.747747,-1.54548
"Lytham Hall","Lytham Hall",53.744855,-2.977613
"MUSA Cookstown","Mid Ulster Sports Arena",54.615093,-6.735656
"MacRosty juniors","MacRosty Park",56.378325,-3.847588
"Macclesfield","South Park",53.251413,-2.1303
"Maesteg","Welfare Park",51.609499,-3.665573
"Magherafelt juniors","Polepatrick",54.761747,-6.596783
"Maidenhead","Braywick Park",51.51095,-0.712135
"Maidstone River Park","River Medway",51.29641,0.507689
"Maldon Prom juniors","Promenade Park",51.726789,0.689713
"Maldon Prom","Maldon Promenade Park",51.726742,0.68877
"Mallards Pike","Mallards Pike",51.784666,-2.528555
"Malling Rec","Malling Rec",50.880478,0.011973
"Malvern Park juniors","Malvern Park",52.411054,-1.771231
"Manor Field, Whittlesey","Manor Field (Manor Leisure Centre)",52.551869,-0.125941
"Manor Park juniors","Manor Park",51.288548,0.405811
"Manor Park juniors, Glossop","Manor Park, Glossop",53.448255,-1.939551
"Mansfield","Mansfield",53.174034,-1.183844
"March","Williamson Park",52.550069,0.086208
"Margate juniors","Hartsdown Park",51.383375,1.37197
"Margate","Margate",51.39207,1.403997
"Marine Parade","Marine Parade",51.334997,-2.983828
"Markeaton juniors","Markeaton Park",52.934138,-1.503604
"Markeaton","Markeaton",52.935408,-1.504769
"Market Bosworth Country Park","Market Bosworth Country Park",52.623664,-1.391946
"Market Harborough juniors","Welland Park",52.47499,-0.928372
"Market Harborough","Welland Park",52.474487,-0.924979
"Market Rasen Racecourse","Market Rasen Racecourse",53.380502,-0.309019
"Markshall Estate","Markshall Estate",51.897737,0.673757
"Marlborough Common","Marlborough Common",51.42448,-1.732581
"Marple juniors","Brabyns Park",53.408027,-2.05793
"Marple","Brabyns Park, Stockport",53.404476,-2.056509
"Marshall Drive","Marshall Playing Field",54.574096,-0.947956
"Maryport Prom","The Promenade",54.7171,-3.50107
"Meadowmill","Meadowmill Sports Centre",55.954249,-2.966242
"Medina I.O.W juniors","Seaclose Park",50.709673,-1.287434
"Medina I.O.W.","Seaclose Park, Medina, I.O.W.",50.725836,-1.143086
"Medway juniors","Strand Leisure Park",51.394926,0.564496
"Melksham","King George V Park",51.377226,-2.136235
"Melton Mowbray","Melton Country park",52.780002,-0.879068
"Meon Valley Trail, Wickham","Meon Valley Trail, Wickham",50.904574,-1.182258
"Mersea Island","Cudmore Grove",51.79164,0.99368
"Merthyr Leisure Village juniors","Merthyr Leisure Village juniors",51.740891,-3.377121
"Merthyr","Merthyr Leisure Village",51.73896,-3.375658
"Mewsbrook juniors","Mewsbrook juniors",50.803727,-0.523837
"Middleton Woods","Middleton Park",53.751892,-1.557233
"Mildenhall Hub juniors","Mildenhall Hub",52.342965,0.499085
"Mildenhall Hub","Mildenhall Hub",52.342792,0.499399
"Mile End juniors","Mile End Park",51.518602,-0.034735
"Mile End","Mile End Park, London",51.518169,-0.033946
"Milford Waterfront","Milford Waterfront",51.710763,-5.031507
"Millbank Boating Pond juniors","Millbank Boating Pond",58.589596,-3.521585
"Millennium Country","Forest of Marston Vale - Millennium Coun",52.065265,-0.534082
"Millennium Green juniors","Millennium Green",51.681029,-1.408248
"Millfield juniors","Millfield Park & Recreation Area",54.125471,-1.189371
"Millfield","Millfield Park & Recreation Area",54.125154,-1.190864
"Millhouses juniors","Millhouses juniors",53.342803,-1.499097
"Millhouses","Millhouses Park",53.338516,-1.505027
"Millom","Millom Network Centre",54.21399,-3.26996
"Milnrow Memorial Park juniors","Milnrow Memorial Park",53.604202,-2.10291
"Milton Country","Milton Country Park, Cambridge",52.236675,0.161906
"Milton Keynes juniors","Emerson Valley Sports Pavilion",52.002181,-0.782082
"Milton Keynes","Willen Lake, Milton Keynes",52.05011,-0.722984
"Minehead","Minehead",51.207524,-3.469591
"Moira juniors","Moira Demesne",54.483275,-6.228082
"Mole Valley","Denbies Wine Estate",51.248259,-0.330645
"Monsal Trail","Hassop Station",53.230788,-1.675286
"Montalto Estate","Montalto Estate",54.393274,-5.899066
"Montrose","Roselea Football Club",56.726297,-2.455223
"Moormead juniors","Moormead and Bandy Recreation Ground",51.451595,-0.326684
"Moors Valley juniors","Moors Valley Country Park and Forest",50.851371,-1.849369
"Moors Valley","Moors Valley Country Park and Forest",50.85124,-1.849419
"Morden","Morden",51.392759,-0.208072
"Morecambe Prom","Promenade",54.065082,-2.885102
"Mote Park juniors","Mote Park juniors",51.264913,0.539226
"Mote Park","Mote Park",51.269539,0.541967
"Mount Edgcumbe","Mount Edgcumbe House and Country Park",50.357664,-4.175493
"Mount Stuart","Mount Stuart",55.792888,-5.019453
"Mowbray Park juniors","Mowbray Park",54.902339,-1.379874
"Muncaster Castle","Muncaster Castle",54.357004,-3.388267
"Musgrave juniors","Musgrave Park",54.570204,-5.974033
"Myrtle","Myrtle Park",53.846344,-1.838295
"NIAC juniors","NIAC juniors",51.51203,-3.162076
"Nairn Links","Nairn Links",57.589215,-3.871407
"Nant y Pandy","Nant y Pandy Nature Reserve",53.257642,-4.313233
"Netley Abbey juniors","Royal Victoria Country Park",50.8683,-1.345392
"Netley Abbey","Royal Victoria Country Park",50.865345,-1.334453
"New Earswick","New Earswick Sports Club",53.99025,-1.077677
"New Milton juniors","Fawcetts Field",50.747045,-1.669084
"Newark juniors","Sconce and Devon Park",53.070181,-0.819014
"Newark","Sconce and Devon Park",53.070031,-0.81905
"Newbiggin-by-the-Sea","Newbiggin Promenade",55.185215,-1.505386
"Newborough Forest","Newborough Forest",53.144163,-4.386757
"Newbury","Greenham Common, Newbury",51.378426,-1.292267
"Newent","Newent Community School/Forest Leisure C",51.926515,-2.410056
"Newport juniors","Tredegar House",51.562767,-3.028793
"Newport","Tredegar House, Newport",51.559479,-3.030939
"Newry Greenway","Newry Greenway",54.170834,-6.339015
"Newtown","Dolerw Park Bridge",52.514658,-3.319012
"Nobles","Nobles Park",54.166432,-4.480834
"Nonsuch juniors","Nonsuch Park",51.357366,-0.230945
"Nonsuch","Nonsuch Park, Cheam",51.356926,-0.231078
"Norfolk Heritage Park juniors","Norfolk Heritage Park juniors",53.368694,-1.446852
"Norfolk Road Playing Fields juniors","Norfolk Road Playing Fields",51.94983,-0.025046
"Normanby Hall","Normanby Hall Country Park",53.638407,-0.659924
"Norris Green Park juniors","Norris Green Park juniors",53.438154,-2.919317
"North Marine juniors","North Marine Park",55.003069,-1.424229
"North Walsham","North Walsham High School and Sports Centre",52.818216,1.391589
"North Yorkshire Water Park","North Yorkshire Water Park",54.227812,-0.482836
"Northala Fields juniors","Northala Fields",51.540587,-0.376008
"Northala Fields","Northala Fields Park",51.541272,-0.376711
"Northallerton juniors","Stone Cross Playing Fields",54.34923,-1.433966
"Northallerton","Hambleton Leisure Centre",54.348466,-1.435519
"Northampton Racecourse juniors","Northampton Racecourse",52.247243,-0.886303
"Northampton","Northampton Racecourse",52.248143,-0.884445
"Northlands juniors","Northlands Park",51.57779,0.498314
"Northwich","Carey Park",53.265511,-2.510876
"Norton Common juniors","Norton Common",51.983369,-0.227968
"Norwich","Eaton Park, Norwich",52.620422,1.255682
"Nostell","Nostell Priory",53.650212,-1.381241
"Nova Prestatyn","Nova Centre",53.342126,-3.414183
"Oak Hill","Oak Hill Park, East Barnet",51.637718,-0.153744
"Oaklands College","Oaklands College",51.754303,-0.288522
"Oaklands","Oaklands Recreation Ground",52.466391,-1.818013
"Oakwell Hall","Oakwell Hall Country Park",53.739437,-1.671596
"Ockwells juniors","Ockwells Park",51.50267,-0.73546
"Old Deer Park","Old Deer Park, Richmond",51.464417,-0.306973
"Old Railway Trail, Llangollen","Old Railway Trail",52.97016,-3.160221
"Oldham","Alexandra Park, Oldham",53.534187,-2.104118
"Omagh Leisure Complex juniors","Omagh Leisure Complex juniors",54.602896,-7.296192
"Omagh","Omagh",54.602837,-7.296222
"Orangefield","Orangefield & Greenville Park",54.588509,-5.884361
"Oriam","Oriam, Heriot Watt University",55.909754,-3.31715
"Ormeau juniors","Ormeau Park",54.588264,-5.914541
"Ormeau","Ormeau Park",54.588374,-5.914786
"Ormskirk","Edge Hill University",53.559245,-2.868097
"Orpington","Goddington Park",51.365283,0.117224
"Osterley juniors","Osterley Park",51.489405,-0.350722
"Osterley","Osterley Park",51.489403,-0.349889
"Oxford","Cutteslowe and Sunnymead Park, Oxford",51.790901,-1.262419
"Paddington Rec juniors","Paddington Recreation Ground",51.529514,-0.190726
"Padiham Greenway juniors","Padiham Greenway",53.798806,-2.316739
"Page Park juniors","Page Park",51.482568,-2.498184
"Paisley Park","Paisley Park",54.604634,-5.972965
"Palacerigg Country","Palacerigg Country Park",55.937089,-3.949289
"Panshanger","Panshanger Park",51.798644,-0.138723
"Par Track juniors","Par Track",50.35373,-4.702068
"Park Hill Recreation Ground juniors","Park Hill Recreation Ground",51.825562,-1.289811
"Park View juniors","QEII Park View Playing Fields",53.741051,-2.960984
"Park in the Past","Park in the Past",53.122311,-3.047968
"Parke","Parke Estate",50.59305,-3.686562
"Pavilion Gardens juniors","Pavilion Gardens juniors",53.254996,-1.919751
"Pavilion Gardens","The Pavilion Gardens",53.254611,-1.918759
"Peacehaven juniors","Centenary Park",50.794091,0.011761
"Peacehaven","Centenary Park",50.794092,0.012418
"Peckham Rye juniors","Peckham Rye Park",51.454776,-0.060295
"Peckham Rye","Peckham Rye Park",51.455486,-0.060688
"Peel","Peel Park",53.48759,-2.270682
"Pegwell Bay","Pegwell Bay",51.320957,1.361446
"Penallta juniors","Parc Penallta Country Park",51.644903,-3.245668
"Penallta","Penallta House",51.644889,-3.245679
"Pendle","Holt House Playing Fields",53.863571,-2.18011
"Penistone","Penistone Show Ground",53.526568,-1.635407
"Pennington Flash","Pennington Flash",53.491608,-2.542745
"Penrhyn","Penrhyn Castle",53.226852,-4.094495
"Penrith","Frenchfiel Sports Centre",54.658026,-2.720532
"Penrose","Penrose",50.096824,-5.281819
"Penryn Campus","Penryn Campus",50.170244,-5.124008
"Peoples Park juniors","Peoples Park",51.681659,-4.16873
"People’s Park juniors, Halifax","People’s Park",53.720161,-1.873584
"Perry Hall","Perry Hall Park",52.52486,-1.911825
"Perth juniors","South Inch",56.391357,-3.435321
"Perth","North Inch and Riverside parks",56.40515,-3.435422
"Peter Pan juniors","Peter Pan Park",53.738674,-0.402106
"Peter Pan","Peter Pan Park",53.73833,-0.402181
"Phear Park juniors","Phear Park Playing Fields",50.625669,-3.402433
"Philips Park","Philips Park",53.488346,-2.192484
"Phoenix juniors","Phoenix Park",53.336051,-2.683428
"Phoenix","Phoenix Park",53.337865,-2.681623
"Pilrig Park juniors","Pilrig Park juniors",55.968438,-3.181613
"Pinehill juniors","Pinehill Park",51.948308,-0.264145
"Pinner Village Gardens juniors","Pinner Village Gardens",51.588085,-0.377882
"Pitshanger juniors","Pitshanger Park",51.528578,-0.318553
"Plas Newydd juniors","Plas Newydd House and Garden",53.202361,-4.217883
"Play Close Park juniors","Play Close Park",52.762765,-0.886281
"Plean","Plean Country Park",56.057791,-3.881607
"Plymvalley","Plymbridge Woods",50.409091,-4.079618
"Pocket","Pocket Park",52.214797,-0.275327
"Polkemmet Country","Polkemmet Country Park",55.866214,-3.720256
"Pollok","Pollok Park, Glasgow",55.82992,-4.307882
"Pomphrey Hill","Pomphrey Hill Playing Fields",51.479321,-2.47805
"Pont y Bala","Lower Tryweryn",52.912396,-3.593199
"Pontefract juniors","Pontefract Park",53.696394,-1.329962
"Pontefract","Pontefract Racecourse",53.697922,-1.325197
"Pontypool juniors","Pontypool Park",51.701218,-3.035392
"Pontypool","Pontypool Park",51.699213,-3.028573
"Pontypridd juniors","Ynysangharad War Memorial Park",51.601625,-3.337015
"Pontypridd","Ynysangharad War Memorial Park",51.602009,-3.339028
"Poole","Poole Park, Poole",50.720348,-1.968876
"Poolsbrook","Poolsbrook Country Park",53.259118,-1.348842
"Porthcawl Promenade juniors","Porthcawl Promenade juniors",51.474531,-3.702867
"Porthcawl","Porthcawl Seafront",51.476331,-3.705976
"Portishead Esplanade juniors","Portishead Esplanade juniors",51.493384,-2.772316
"Portobello","Figgate Park",55.950689,-3.122656
"Portrush juniors","East Strand Beach",55.205011,-6.648452
"Portrush","East Strand Beach, Portrush",55.204638,-6.648788
"Portsmouth Lakeside","Lakeside North Harbour",50.840654,-1.08157
"Potternewton","Potternewton Park",53.818446,-1.526274
"Prestatyn Prom juniors","Nova Centre",53.342584,-3.412461
"Preston Park juniors","Preston Park",50.84122,-0.147668
"Preston Park","Preston Park",50.841557,-0.148616
"Preston","Avenham and Miller Parks",53.751374,-2.703902
"Prestwick Oval juniors","Prestwick Oval, St Ninian’s Park",55.493409,-4.612539
"Princes","Princes Park, Liverpool",53.386456,-2.956975
"Priory Park juniors","Priory Park",51.585754,-0.125671
"Prospect juniors","Prospect juniors",51.44823,-1.007716
"Prospect","Prospect Park",51.448386,-1.00741
"Prudhoe Riverside juniors","Tyne Riverside Country Park",54.96663,-1.865981
"Prudhoe Riverside","Tyne Riverside Country Park",54.968071,-1.863141
"Pymmes juniors","Pymmes juniors",51.61618,-0.067444
"Pymmes","Pymmes Park, Edmonton",51.61887,-0.066953
"Quakers Walk","Quakers Walk",51.355501,-1.99217
"Queen Elizabeth","Queen Elizabeth Country Park",50.956372,-0.978384
"Queen Elizabeth’s Grammar School","Queen Elizabeth's Grammar School",53.212621,-0.121553
"Queens Park juniors, Crewe","Queens Park",53.098025,-2.471379
"Queen’s Parade juniors, Aldershot","Polo Fields",51.265723,-0.755695
"Queen’s Park juniors, Bolton","Queen’s Park",53.577613,-2.444706
"Queen’s Park juniors, Brighton","Queen’s Park juniors, Brighton",50.824962,-0.124903
"Queen’s Park juniors, London","Queen’s Park",51.534733,-0.21127
"Queen’s Park juniors, Rochdale","Queen’s Park",53.601254,-2.215383
"Queen’s, Belfast","Queen's Uni Sport, Upper Malone",54.555092,-5.963387
"Queen’s, Glasgow","Queen’s Park",55.833509,-4.270076
"Radnor Park juniors","Radnor Park juniors",51.084168,1.171274
"Ramsbottom juniors","Nuttall Park",53.643199,-2.312222
"Raphael","Raphael Park",51.585798,0.19249
"Ravenswood Primary School juniors","Ravenswood Community Primary School",52.029965,1.19393
"Reading","Thames Riverside, Reading",51.460384,-0.941573
"Redcar juniors","Locke Park",54.61403,-1.080751
"Redcar","Locke Park, Redcar",54.615225,-1.07902
"Reigate Priory juniors","Reigate Priory Park",51.234222,-0.207922
"Reigate Priory","Priory Park",51.23435,-0.208644
"Rendlesham Forest","Rendlesham Forest",52.083267,1.428606
"Richmond Park","Richmond Park, Richmond upon Thames",51.451962,-0.292886
"Rickmansworth","Rickmansworth Aquadrome",51.633087,-0.47589
"Riddlesdown","Riddlesdown, Warlingham",51.318485,-0.079549
"Rising Sun","The Rising Sun Country Park",55.01998,-1.532028
"Riverfront","The Riverfront",51.588559,-2.993317
"Riverside Gardens juniors","Riverside Gardens",53.928064,-1.824719
"Riverside Walk","Riverside Walk",52.075981,-3.127035
"Riverside juniors","Riverside Park",54.854016,-1.562895
"Riverside juniors, Ballymoney","Riverside Park",55.068821,-6.507974
"Riverside juniors, St Neots","Riverside Park",52.223022,-0.275562
"Riverside","Riverside Park, Chester-le-Street",54.853983,-1.563277
"Riversley Park juniors","Riversley Park",52.518482,-1.465487
"Roberts Park","Roberts Park",53.841468,-1.793275
"Roding Valley juniors","Roding Valley Recreational Park",51.638642,0.066561
"Roding Valley","Roding Valley Recreation Ground",51.638607,0.066415
"Rogiet juniors","Rogiet Countryside Park",51.583509,-2.783555
"Rogiet","Rogiet Countryside Park",51.583268,-2.779965
"Rosehill Victoria juniors","Rosehill Victoria Park",53.469739,-1.340071
"Rosliston","Rosliston Forestry Centre",52.754526,-1.639681
"Ross-on-Wye","Ross-on-Wye Sports Centre",51.912943,-2.594417
"Rossmere juniors","Rossmere Park",54.661422,-1.226339
"Rostrevor","Kilbroney Park",54.099486,-6.193448
"Rothay Park","Rothay Park",54.431563,-2.969788
"Rother Valley","Rother Valley Country Park",53.341508,-1.320226
"Rotherham","Rotherham",53.430538,-1.343218
"Rothwell","Springhead Park",53.750032,-1.473456
"Rouken Glen juniors","Rouken Glen Park",55.79831,-4.316869
"Round Lake juniors","Round Lake juniors",54.382383,-7.321047
"Roundhay juniors","Roundhay Park",53.836822,-1.503689
"Roundhay","Roundhay Park, Leeds",53.83828,-1.496007
"Roundshaw Downs","Roundshaw Downs, near South Croydon",51.352253,-0.11872
"Royal Tunbridge Wells","Dunorlan Park",51.133614,0.284851
"Ruchill","Ruchill Park",55.884538,-4.276162
"Rugby","Whinfield Recreation Ground",52.37318,-1.238464
"Rushcliffe juniors","Rushcliffe County Park",52.88217,-1.14978
"Rushcliffe","Rushcliffe Country Park",52.882497,-1.149104
"Rushmere","Rushmere Country Park",51.947057,-0.674095
"Rushmoor","Queens Avenue",51.265798,-0.755847
"Ruthin Memorial Playing Fields","Ruthin Memorial Playing Fields",53.115985,-3.317265
"Rutland Water juniors","The Waterside Cafe",52.646012,-0.621111
"Rutland Water","Rutland Water Reservoir",52.643712,-0.624447
"Ryelands Park juniors","Ryelands Park",54.05797,-2.806648
"Salcey Forest","Salcey Forest",52.159223,-0.841556
"Sale Water","Sale Water Park",53.429585,-2.294545
"Salford juniors","Buille Hill Park",53.490729,-2.3054
"Salisbury Field juniors","Salisbury Field",53.399798,-2.349137
"Salisbury","Churchill Gardens",51.061528,-1.789858
"Salt Hill juniors","Salt Hill Park",51.513437,-0.605853
"Saltaire juniors","Roberts Park",53.841292,-1.792205
"Saltwell juniors","Saltwell Park",54.943934,-1.605372
"Sandall Park juniors","Sandall Park",53.544308,-1.087935
"Sandall Park","Sandall Park",53.544969,-1.089474
"Sandhurst Memorial","Sandhurst Memorial Park",51.343825,-0.791694
"Sandringham","Sandringham Royal Park",52.829752,0.504942
"Sandwell Valley","Sandwell Park Farm",52.521531,-1.97579
"Sandy Water","Sandy Water Park",51.680293,-4.174644
"Savill Garden juniors","The Savill Garden, Windsor Great Park",51.429022,-0.595936
"Scunthorpe","Central Park",53.581755,-0.656476
"Seaford Beach","Newhaven and Seaford Sailing Club",50.778986,0.079566
"Seaton","Seaton Esplanade",50.703349,-3.072064
"Sedgefield juniors","Hardwick Park",54.653037,-1.466979
"Sedgefield","Hardwick Park, Sedgefield",54.653008,-1.466289
"Selby","Selby",53.751824,-1.078398
"Sence Valley Forest Park","Sence Valley Forest Park",52.696067,-1.408816
"Seven Fields","Seven Fields Nature Reserve and Penhill Sports Fie",51.586619,-1.781711
"Severn Bridge","Severn Bridge",51.619014,-2.664531
"Severn Valley Country","Severn Valley Country Park",52.453316,-2.364842
"Sewerby","Sewerby Hall and Gardens, Bridlington",54.103268,-0.160761
"Seymour Park juniors","Seymour Park",53.458263,-2.273257
"Sharpham Estate","Sharpham Estate",50.424904,-3.682105
"Sharpham Road Playing Fields","Sharpham Road Playing Fields",51.279496,-2.793181
"Sheffield Castle","Manor Fields Park",53.366782,-1.436827
"Sheffield Olympic Legacy Park juniors","Sheffield Olympic Legacy Park",53.395364,-1.426294
"Shepton Mallet","Collett Park",51.187513,-2.542461
"Sheringham","Sheringham Park",52.928775,1.180601
"Sherwood Pines","Sherwood Pines Forest Park",53.165828,-1.084839
"Shipley Country juniors","Shipley Country Park",53.000011,-1.359757
"Shipley Country","Shipley Country Park",53.008339,-1.359978
"Shorne Woods","Shorne Woods Country Park",51.404426,0.418618
"Shrewsbury juniors","Quarry Park",52.704425,-2.750059
"Shrewsbury","The Quarry",52.706942,-2.75921
"Silksworth","Silksworth Sports Centre, Sunderland",54.883911,-1.409099
"Silloth Promenade","Silloth Promenade",54.873987,-3.387605
"Simmons Park","Simmons Park",50.734898,-3.996543
"Sittingbourne","Milton Creek Country Park",51.354976,0.740569
"Sixfields Upton","Upton Country Park",52.228528,-0.942236
"Sixmilewater","Sixmilewater Park",54.750004,-5.998945
"Sizewell","Beach car park",52.210167,1.622193
"Skelmersdale juniors","The Amphitheatre",53.550389,-2.776333
"Skinadin","Skinadin",57.259099,-5.941175
"Skipton","Aireville Park",53.961331,-2.030004
"Slades juniors","Slades Park",50.747157,-1.8948
"Sloughbottom","Sloughbottom Park,",52.647255,1.266994
"Snowden Field","Snowden Field",52.673995,-0.164731
"Soham Village College","Soham Village College",52.329737,0.338064
"Somerdale Pavilion","Somerdale Pavilion",51.426469,-2.495689
"South Beach Estate juniors","South Beach Estate Playing Fields",55.109737,-1.516252
"South Manchester juniors","Platt Fields Park",53.448952,-2.22633
"South Manchester","Platt Fields Park",53.446072,-2.224689
"South Norwood","South Norwood Country Park",51.396111,-0.059908
"South Oxhey","South Oxhey Playing Fields",51.631433,-0.393135
"South Park juniors","South Park",54.514933,-1.561141
"South Shields","South Shields",54.995687,-1.408052
"South Woodham Ferrers","Marsh Farm Country Park",51.631642,0.613014
"Southall","Southall Park",51.509737,-0.36957
"Southampton Common juniors","Southampton Common",50.92606,-1.41205
"Southampton juniors","Riverside Park",50.933059,-1.373988
"Southampton","Southampton Common",50.923624,-1.407766
"Southend","Gunners Park",51.523431,0.787526
"Southern Town juniors","Southern Town juniors",51.65874,-1.287818
"Southport","Hesketh Park",53.656276,-2.985341
"Southsea","Southsea Esplanade",50.785432,-1.046276
"Southwark","Southwark Park",51.494242,-0.053151
"Southwick Country Park","Southwick Country Park",51.306461,-2.234092
"Spencer Park juniors","Spencer Park",52.296022,-0.603776
"Spiceball Country Park juniors","Spiceball Country Park juniors",52.065971,-1.335302
"Springburn juniors","Springburn Park",55.890969,-4.225577
"Springburn","Springburn Park",55.889857,-4.224823
"Squerryes Winery","Squerryes Winery",51.275986,0.08667
"St Albans","Verulam Park, St Albans",51.75193,-0.355371
"St Andrews","Craigtoun Country Park",56.317711,-2.838234
"St Helens","Victoria Park",53.46322,-2.744088
"St Mary’s","Bridport FC, St.Mary’s Field",50.729456,-2.760744
"St Nicholas juniors","St Nicholas’ Park",52.281165,-1.579675
"Stamford Park","Stamford Park",53.490901,-2.066163
"Stanley Park juniors","Stanley Park",53.43405,-2.965534
"Staveley juniors","Staveley Welfare Cricket Club",53.270608,-1.336668
"Stevenage juniors","Hampson Park",51.913566,-0.186637
"Stevenage","Six Hills Way",51.902634,-0.17993
"Stevens Park juniors","Stevens Park",52.447903,-2.115605
"Stewart","Stewart Park, Middlesbrough",54.53809,-1.203561
"Stirling juniors","Kings Park",56.113824,-3.946307
"Stockley Country","Stockley Country Park",51.51492,-0.458739
"Stokes Bay juniors","Stokes Bay Promenade",50.781474,-1.153797
"Stonehaven","Mineralwell Park",56.969993,-2.212502
"Stonehouse juniors","Oldends Lane Playing Fields",51.752965,-2.287006
"Stonehouse","Oldends Lane Playing Fields",51.752554,-2.287804
"Stopline Way juniors","Stopline Way",50.791451,-2.992325
"Storeys Field","Storeys Field",52.219098,0.089579
"Stormont","Stormont Estate",54.598318,-5.837749
"Stowmarket Recreation Ground juniors","Stowmarket Recreation Ground",52.188853,0.989594
"Stratford Park, Stroud","Stratford Park",51.74897,-2.225007
"Stratford-upon-Avon Rec juniors","The Recreation Ground",52.187298,-1.703316
"Stratford-upon-Avon","Stratford-upon-Avon",52.184998,-1.701445
"Strathaven juniors","Strathaven juniors",55.679393,-4.069961
"Strathclyde","Strathclyde Country Park",55.789631,-4.031425
"Street","Strode College Sports Centre",51.129515,-2.729089
"Stretford","Longford Park",53.446121,-2.290281
"Sunny Hill","Sunny Hill Park",51.598193,-0.229717
"Surbiton juniors","Alexandra Recreation Ground",51.384716,-0.288601
"Sutcliffe","Sutcliffe Park Nature Reserve",51.454343,0.026739
"Sutton Lawn juniors","Sutton Lawn",53.124273,-1.253116
"Sutton Manor","Sutton Manor Colliery",53.411392,-2.726901
"Sutton Park","Sutton Park",52.558716,-1.844552
"Swadlincote juniors","Maurice Lea Memorial Park",52.764399,-1.557414
"Swaffham","The Nicolas Hamond Academy Sports Fields",52.638607,0.688461
"Swanley","Swanley Park",51.404175,0.17519
"Swanscombe Heritage Park juniors","Swanscombe Heritage Park juniors",51.446948,0.300462
"Swansea Bay","Swansea Bay",51.611029,-3.967061
"Swansea Prom juniors","Swansea Prom",51.611368,-3.965801
"Talkin Tarn Country Park","Talkin Tarn Country Park",54.924753,-2.707392
"Tamar Lakes","Upper Tamar Lakes",50.879837,-4.433418
"Tamar Trails","Tamar Trails Centre",50.535163,-4.201763
"Tamworth Castle Grounds","Tamworth Castle Grounds",52.630232,-1.695214
"Tawd Valley","Tawd Valley Park",53.550281,-2.775829
"Teifi Marshes Nature Reserve","Teifi Marshes Nature Reserve",52.073638,-4.648047
"Teignmouth Promenade","Teignmouth Promenade",50.544428,-3.494987
"Telford juniors","Telford Town Park",52.671256,-2.445683
"Telford","Telford Town Park",52.67123,-2.447934
"Temple Newsam juniors","Temple Newsam Estate",53.784563,-1.45791
"Temple Newsam","Temple Newsam Estate",53.784781,-1.456461
"Tetbury Goods Shed","Tetbury Goods Shed",51.637222,-2.155818
"Tewkesbury","Tewkesbury",51.987666,-2.159373
"Thames Path, Woolwich","Thames Path, Woolwich",51.49615,0.076671
"The Cinder Track","Caedmon College Whitby",54.4779,-0.620751
"The Fisherman‘s Walk","The Fisherman‘s Walk",54.868789,-6.481169
"The Great Field juniors","The Great Field",50.71323,-2.458209
"The Great Field","The Great Field",50.713642,-2.458095
"The Leas","The Leas",51.434038,0.80213
"The Meadows juniors","The Meadows",55.940327,-3.184283
"The Mystery juniors","The Mystery Park",53.393593,-2.922804
"The Old Showfield","The Old Showfield",51.236186,-2.308238
"The Pastures","The Pastures",55.418455,-1.705393
"The Plens","The Plens",52.446215,-0.81857
"The Station Yard juniors","The Station Yard",54.402135,-1.727371
"The Wammy","The Wammy",53.017811,-2.238701
"The Waterfront juniors","Les Jardins de la Mer",49.186471,-2.115936
"The Wirral Way juniors","Wirral Way/Park Fields",53.293748,-3.075869
"Thetford","Abbey Meadows",52.4156,0.743766
"Thomas Mills","Thomas Mills High School",52.228375,1.325981
"Thonock Lane Farm","Thonock Lane Farm",53.421158,-0.763594
"Thornbury","Mundy Playing Fields",51.606368,-2.530114
"Thornham Walks","Thornham Walks",52.304311,1.077504
"Thorp Perrow","Thorp Perrow",54.261285,-1.6042
"Thoulstone","Thoulstone",51.231618,-2.227571
"Three Brooks","Three Brooks",51.531366,-2.53918
"Thurrock","Pyramid Centre",51.491427,0.363436
"Thurso","Thurso Boating Pond",58.589573,-3.521554
"Tidworth","Tidworth Park",51.224947,-1.667571
"Tilgate juniors","Tilgate Park",51.095839,-0.175976
"Tilgate","Tilgate Park, Crawley",51.097,-0.175623
"Tollcross","Tollcross",55.847494,-4.179461
"Tolson juniors","Ravensknowle Park",53.645008,-1.755604
"Tonbridge juniors","Tonbridge Farm Sportsground",51.20977,0.270291
"Tonbridge","Juddians Rugby Club",51.197605,0.270174
"Tooting Common juniors","Tooting Common",51.434698,-0.147709
"Tooting Common","Tooting Common",51.433342,-0.14677
"Torbay Velopark juniors","Torbay Velopark",50.423563,-3.564283
"Torbay Velopark","Torbay Velopark",50.423441,-3.564297
"Torridge juniors","Victoria Park",51.023418,-4.203435
"Torvean juniors","Torvean Park",57.462625,-4.246426
"Torvean","Torvean Park",57.462669,-4.24886
"Town Moor juniors","Newcastle Town Moor",54.98383,-1.619189
"Town Moor","Exhibition Park, Newcastle",54.988451,-1.617143
"Trelai Park","Trelai Park",51.478969,-3.232766
"Trelissick","Kilbroney Park",50.217331,-5.02826
"Tremorfa","Tremorfa Park",51.486237,-3.132727
"Trentham Gardens","Trentham Gardens",52.963874,-2.199424
"Troon","South Beach Esplanade",55.541413,-4.670058
"Tyne Green juniors","Tyne Green",54.978143,-2.100541
"Tyne Green","Tyne Green",54.977878,-2.101526
"Uckfield","Uckfield Rugby Club",50.977857,0.11306
"University Parks","University Parks",51.761468,-1.251068
"University of Northampton","University of Northampton",52.230017,-0.886741
"University of Stirling","University of Stirling",56.147968,-3.923762
"Uppermill juniors","Saddleworth Pool & Leisure Centre",53.547393,-2.00217
"Upton Court","Upton Court Park",51.49616,-0.577525
"Upton House juniors","Upton Country Park",50.734515,-2.012474
"Upton House","Upton Country Park",50.734891,-2.013428
"Ury Riverside","Ury Riverside Park",57.291953,-2.372062
"Valentines","Valentines Park, Redbridge",51.56749,0.07198
"Valley","Valley Leisure Centre",54.659949,-5.928342
"Vermuyden Way","Vermuyden Way",53.561636,-0.848034
"Verulamium juniors","Verulamium Park",51.750365,-0.354946
"Vicar Water Country Park","Vicar Water Country Park",53.158738,-1.120002
"Victoria Dock","Victoria Dock",51.505363,0.018775
"Victoria Jubilee juniors","Victoria Jubilee juniors",54.701027,-1.60786
"Victoria Park juniors, Haslingden","Victoria Park juniors, Haslingden",53.69812,-2.324982
"Victoria juniors, Glasgow","Victoria Park",55.87731,-4.332751
"Victoria juniors, Macclesfield","Victoria Park",53.261537,-2.116662
"Victoria juniors, St Helens","Victoria, St Helens",53.462249,-2.745791
"Victoria juniors, Stretford","Victoria juniors, Stretford",53.44842,-2.311522
"Victoria","Victoria Park",55.877504,-4.332347
"Vogrie","Vogrie Country Park",55.856879,-2.995012
"Wakefield Thornes juniors","Thornes Park",53.675544,-1.512695
"Wakefield Thornes","Thornes Park",53.672488,-1.509682
"Wakehurst","Wakehurst",51.066755,-0.088633
"Wallace","Wallace Park",54.516511,-6.036816
"Wallaceneuk","Wallaceneuk",55.585864,-2.448162
"Walmer and Deal Seafront","The Beach",51.2095,1.403179
"Walsall Arboretum","Walsall Arboretum",52.58725,-1.966252
"Walthamstow","Highams Park",51.602666,-0.007854
"Wanstead Flats","Wanstead Flats, Epping Forest",51.56078,0.014977
"War Memorial Park juniors","War Memorial Park",52.39198,-1.523984
"Ward End juniors","Ward End Playing Fields",52.49412,-1.836956
"Wardown juniors","Wardown Park",51.891775,-0.419099
"Warrington juniors","Orford Jubilee Neighbourhood Hub",53.405344,-2.587904
"Warrington","Victoria Park",53.384221,-2.574685
"Warwick Racecourse","Warwick Racecourse",52.280789,-1.595954
"Washingbay Wetlands juniors","Washingbay Wetlands juniors",54.535774,-6.612024
"Watergrove","Watergrove Reservoir",53.657034,-2.131777
"Waterloo Park juniors","Waterloo Park",52.644457,1.28857
"Waterlooville juniors","Jubilee Park",50.888467,-1.032861
"Watermead Country Park juniors","Watermead Country Park",52.690373,-1.104073
"Watermead Country Park","Watermead Country Park",52.690658,-1.103213
"Watermeadows","Watermeadows",52.13458,-0.988391
"Waterworks juniors","Waterworks Park",54.619011,-5.944873
"Waterworks","Waterworks, North Belfast",54.619299,-5.942613
"Watton Sports Centre juniors","Watton Sports Centre juniors",52.57628,0.825872
"Wednesfield juniors","Wednesfield Park",52.602455,-2.083638
"Wendover Woods","Wendover Woods",51.76894,-0.716782
"Wepre juniors","Wepre juniors",53.206025,-3.057944
"Wepre","Wepre Park",53.205552,-3.056846
"West End juniors","West End Park",52.549357,0.084218
"West Links","West Links Park",56.551299,-2.602859
"West Lothian Cycle Circuit juniors","West Lothian Cycle Circuit",55.967387,-3.62613
"Westmill","Westmill Farm",51.821422,-0.060813
"Weston-super-Mare juniors","Weston-super-Mare",51.364772,-2.907495
"Wetherby","Wetherby Sports Association",53.925673,-1.392197
"Weymouth juniors","Lodmoor Country Park",50.627396,-2.449547
"Weymouth","Lodmoor County Park",50.625242,-2.447795
"Whaley Bridge juniors","Whaley Bridge Memorial Park",53.327225,-1.987771
"Whinlatter Forest","Whinlatter Forest Park",54.610017,-3.22446
"Whitehaven","Whitehaven Cycle Track,",54.524733,-3.573636
"Whitekirk Hill","Whitekirk Hill",56.033364,-2.644542
"Whitelands Farm juniors","Whitelands Farm Sports Ground",51.89042,-1.176072
"Whiteley","Whiteley Meadowside",50.884669,-1.250819
"Whitley Bay juniors","Whitley Bay",55.0498,-1.447679
"Whitley Bay","Whitley Bay Links Common",55.048875,-1.448736
"Whitstable juniors","Tankerton Slopes",51.364939,1.042448
"Whitstable","Whitstable Promenade",51.365295,1.041942
"Wickford Memorial","Wickford Memorial Park",51.619452,0.535186
"Wicksteed juniors","Wicksteed Park",52.384064,-0.710759
"Widnes juniors","Victoria Park",53.37434,-2.730313
"Widnes","Victoria Park",53.374508,-2.730069
"Wilmslow juniors","The Carrs",53.331301,-2.231746
"Wilmslow","The Carrs Park",53.331288,-2.231588
"Wilson’s School juniors","Wilson’s School juniors",51.35974,-0.127456
"Wilton Park juniors","Wilton Park",53.724774,-1.649461
"Wimbledon Common","Wimbledon Common",51.442078,-0.232215
"Wimbledon Park juniors","Wimbledon Park",51.440582,-0.206632
"Wimpole Estate juniors","Wimple Estate",52.14024,-0.047103
"Wimpole Estate","Wimpole Estate",52.140442,-0.047207
"Winchcombe juniors","Winchcombe juniors",51.961777,-1.963881
"Winchester juniors","North Walls Recreation Ground",51.069724,-1.310091
"Winchester","North Walls Recreation Ground",51.069286,-1.310849
"Windmill Hill juniors","Victoria Park",51.438601,-2.587142
"Windy Nook","Windy Nook Nature Park",54.940189,-1.563025
"Wirral Country Park juniors","Wirral Country Park",53.341642,-3.143621
"Wisbech juniors","Wisbech Park",52.66664,0.166007
"Wisbech","Wisbech Park",52.666891,0.166294
"Withernsea Promenade","Withernsea Promenade",53.728574,0.038024
"Witney","West Witney Sports & Social Club",51.789974,-1.513356
"Witton Park juniors","Witton Park juniors",53.740107,-2.518541
"Witton","Witton Country Park",53.74055,-2.517211
"Woking juniors","Woking Park",51.311946,-0.555006
"Woking","Woking Park",51.311708,-0.556204
"Wollaton Hall","Wollaton Hall and Deer Park",52.951893,-1.211018
"Wolverhampton","West Park",52.588775,-2.140875
"Wood Green juniors","Wood Green School",51.791363,-1.470818
"Woodbank","Woodbank Memorial Park, Stockport",53.408405,-2.130945
"Woodgate Valley Country Park","Woodgate Valley Country Park",52.449447,-2.005952
"Woodhouse Moor","Woodhouse Moor, Leeds",53.808582,-1.560059
"Woodley juniors","Woodford Park",51.454829,-0.903089
"Woodley","Woodford Park",51.45418,-0.903669
"Woodvale juniors","Woodvale juniors",54.60855,-5.9663
"Woolacombe Dunes","Woolacombe Dunes",51.159264,-4.209982
"Worcester Pitchcroft","The Pitchcroft, Worcester Racecourse",52.201513,-2.231964
"Worcester","Worcester Woods Country Park",52.186989,-2.178726
"Worden Park juniors","Worden Park",53.682484,-2.699443
"Worden","Worden Park",53.68129,-2.69437
"Workington","Workington Leisure Centre",54.647169,-3.539767
"Worksop College juniors","Worksop College",53.287414,-1.103224
"Wormwood Scrubs","Wormwood Scrubs Park",51.520412,-0.238523
"Worsley Woods","Worsley Woods, Salford",53.494328,-2.359056
"Worthing Leisure Centre juniors","Worthing Leisure Centre",50.815979,-0.407252
"Worthing","Worthing promenade",50.810312,-0.3645
"Wotton Community PARC juniors","Wotton Community PARC",51.633891,-2.370035
"Wotton","Wotton Community Parc",51.633149,-2.368786
"Wycombe Rye juniors","Wycombe Rye",51.626131,-0.742427
"Wycombe Rye","The Rye",51.62337,-0.74009
"Wyndham juniors","Wyndham Park",52.918182,-0.638312
"Wynyard Woodland","Wynyard Woodland, Stockton-on-Tees",54.612497,-1.378363
"Wyre Forest juniors","Wyre Forest",52.364152,-2.368767
"Wyre Forest","Wyre Forest",52.365002,-2.369798
"Wythenshawe","Wythenshawe Park, Wythenshawe",53.405502,-2.288139
"Y Promenâd","Y Promenâd, Aberhonddu	",51.950753,-3.401145
"Y Promenâd, Abermaw","Y Promenâd, Abermaw",52.7208,-4.056196
"Yarborough Leisure Centre","Yarborough Leisure Centre",53.247281,-0.542854
"Yatton Recreation juniors","Yatton Recreation Ground",51.387275,-2.813883
"Yeovil Rec juniors","Yeovil Rec",50.954606,-2.63893
"York","York Racecourse",53.935375,-1.101379
